{"web": 
{
"auth_uri": "https://accounts.google.com/o/oauth2/auth",
"client_secret": "rMCyvMOSjFr418m-CApB7SFQ",
"token_uri": "https://accounts.google.com/o/oauth2/token",
"client_email": "309498826265-clhobvqgnnc930cglgefua01bfblq2oo@developer.gserviceaccount.com",
"redirect_uris": ["https://www.example.com/oauth2callback",
"http://localhost:5000/oauth2callback"],
"client_x509_cert_url": "https://www.googleapis.com/robot/v1/metadata/x509/309498826265-clhobvqgnnc930cglgefua01bfblq2oo@developer.gserviceaccount.com",
"client_id": "309498826265-clhobvqgnnc930cglgefua01bfblq2oo.apps.googleusercontent.com",
"auth_provider_x509_cert_url": "https://www.googleapis.com/oauth2/v1/certs",
"javascript_origins": ["https://www.example.com",
"http://localhost:5000",
"http://localhost:8080"]
}
}
